"0","## 2. Create a 2x2 matrix of 0's"
"0","A <- matrix(0,2,2)"
"0",""
"0","## 3. assign probabilities to the matrix"
"0","A[1,1] <- sj*(1-aj)  #juvenile to juvenile = not aging and surving as a juvenile"
"0","A[2,1] <- sj*aj      #juvenile to adult =  aging and surving as a juvenile"
"0","A[2,2] <- sa         #adult to adult =  surviving as an adult"
"0","A[1,2] <- f          #adult to juvenile = survivng and reproducing  "
"0",""
"0","## 4. Take a look at the matrix 'A' in your R console:"
"0","A"
"1","    "
"1"," [,1]"
"1"," [,2]"
"1","
[1,]"
"1"," 0.04"
"1","  1.0"
"1","
[2,]"
"1"," 0.16"
"1","  0.8"
"1","
"
"0","## We can project the population forward by one time-step:  "
"0",""
"0","## 5. create a list called n.start with a population of 5 juveniles and 10 adults"
"0","n.start <- c(5,10)    #start with pop of 5 juveniles and 10 adults"
"0",""
"0","## 6. get pop one time-step later using matrix multiplication (%*%)"
"0","n.next <- A%*%n.start #get pop one time-step latter using matrix multiplication (%*%)"
"0",""
"0","## 7. Look at the output in your R console"
"0","n.next                #more juveniles, but fewer adults..."
"1","    "
"1"," [,1]"
"1","
[1,]"
"1"," 10.2"
"1","
[2,]"
"1","  8.8"
"1","
"
"0","## We could write a loop, and project the population into the future (by applying matrix multipicaton to A and n.next, and so on), "
"0","## and from that, figure out the growth rate of this population."
"0","## There is  also a shortcut, using some core results from matrix population model theory (Caswell, 2001): "
"0","## the population growth rate is defined by the dominant eigenvalue of the matrix. :"
"0",""
"0","## 8. extract the population growth rate.This eigenvalue is the same as lambda"
"0","eigen(A)$value[1]      #extract the pop growth rate using the eigenvalue; <1 indicates pop shrinking. this eigenvalue is equivalent to lambda, the intrinsic population growth rate"
"1","[1]"
"1"," 0.9717246"
"1","
"
"0","## 9. double the fertility"
"0","A[1,2] <- f*2          #double the fertility "
"0","A"
"1","    "
"1"," [,1]"
"1"," [,2]"
"1","
[1,]"
"1"," 0.04"
"1","  2.0"
"1","
[2,]"
"1"," 0.16"
"1","  0.8"
"1","
"
"0","## 10. See how this changes the eigenvalue"
"0","A                      #fertility 1 is now replaced by fertility 2"
"1","    "
"1"," [,1]"
"1"," [,2]"
"1","
[1,]"
"1"," 0.04"
"1","  2.0"
"1","
[2,]"
"1"," 0.16"
"1","  0.8"
"1","
"
"0","eigen(A)$value[1]      #extract the pop growth rate using the eigenvalue; now pop growing with lamba > 1"
"1","[1]"
"1"," 1.101469"
"1","
"
