"0","Ncontinuous <- lsoda("
"0","y = Pop,               # Initial conditions for population"
"0","times = time.out,      # Timepoints for evaluation"
"0","func = ngrow,          # Function to evaluate"
"0","parms = values         # Vector of parameters"
"0",")"
"0",""
"0","## We can check the first few lines of the output:"
"0","head(Ncontinuous)"
"1","    "
"1"," time"
"1","        N"
"1","
[1,]"
"1","  0.0"
"1"," 10.00000"
"1","
[2,]"
"1","  0.1"
"1"," 10.09577"
"1","
[3,]"
"1","  0.2"
"1"," 10.19245"
"1","
[4,]"
"1","  0.3"
"1"," 10.29006"
"1","
[5,]"
"1","  0.4"
"1"," 10.38860"
"1","
[6,]"
"1","  0.5"
"1"," 10.48809"
"1","
"
