"0",""
"0","## 3. Make a sub-vector called 'mada.pop' that is the row of your dataset which corresponds to Madagascar."
"0","mada.pop <- pop.data[pop.data$Country.Name==""Madagascar"",]"
"0","## 4. Change the cells with numbers to 'numeric' "
"0","mada.pop <- as.numeric(mada.pop[3:(length(mada.pop))])"
"0",""
"0","## 5. Make a second sub-vector called 'france.pop' that corresponds to France."
"0","france.pop <- pop.data[pop.data$Country.Name==""France"",]"
"0","## 6. Change the cells with numbers to 'numeric'"
"0","france.pop <- as.numeric(france.pop[3:(length(france.pop))])"
