"0",""
"0","## 13.5 plot Mada pop growth rate as solid line"
"0","plot(x=seq(1960,2015,1), y=pop.growth.mada,type=""l"", xlab="""",  #plot mada pop growth rate"
"0","     ylab=""N(t+1)/N(t)"", "
"0","     ylim=range(c(pop.growth.mada,pop.growth.france),na.rm=TRUE))"
"2","Warning in gzfile(file, ""wb"") :"
"2","
 "
"2"," cannot open compressed file 'C:/Users/sophi/Documents/GitHub/www-e2m2/assets/2025/Tutorials/CompartmentalModelsTutorial/CompartmentalModelsTutorial/.Rproj.user/shared/notebooks/D659B279-CompartmentalModels_E2M2_2025_LIVE/1/F67CE5F2c1819aae/cgfplo6yvll79_t/fac04b598ee549129bad235e308f6a21.snapshot', probable reason 'No such file or directory'
"
"2","Error in gzfile(file, ""wb"") : cannot open the connection
"
