{"chunk_definitions":[{"row":9,"row_count":1,"visible":true,"expansion_state":0,"options":{"engine":"r","label":"setup","include":false,"dev":"png"},"document_id":"CA71D43E","chunk_id":"csetup_chunk","chunk_label":"setup"},{"row":36,"row_count":1,"visible":true,"expansion_state":0,"options":{"engine":"r","label":"unnamed-chunk-1","dev":"png"},"document_id":"CA71D43E","chunk_id":"coqyddj7b24v9","chunk_label":"unnamed-chunk-1"},{"row":62,"row_count":1,"visible":true,"expansion_state":0,"options":{"engine":"r","label":"unnamed-chunk-2","dev":"png"},"document_id":"CA71D43E","chunk_id":"cmmkkknoi9vcz","chunk_label":"unnamed-chunk-2"},{"row":86,"row_count":1,"visible":true,"expansion_state":0,"options":{"engine":"r","label":"unnamed-chunk-3","dev":"png"},"document_id":"CA71D43E","chunk_id":"chsqxu94pdqsr","chunk_label":"unnamed-chunk-3"},{"row":111,"row_count":1,"visible":true,"expansion_state":0,"options":{"engine":"r","label":"unnamed-chunk-4","dev":"png"},"document_id":"CA71D43E","chunk_id":"cgfplo6yvll79","chunk_label":"unnamed-chunk-4"},{"row":140,"row_count":1,"visible":true,"expansion_state":0,"options":{"engine":"r","label":"unnamed-chunk-5","dev":"png"},"document_id":"CA71D43E","chunk_id":"cguup2m3f3l1c","chunk_label":"unnamed-chunk-5"},{"row":156,"row_count":1,"visible":true,"expansion_state":0,"options":{"engine":"r","label":"unnamed-chunk-6","dev":"png"},"document_id":"CA71D43E","chunk_id":"cm0m72r0c6j8k","chunk_label":"unnamed-chunk-6"},{"row":168,"row_count":1,"visible":true,"expansion_state":0,"options":{"engine":"r","label":"unnamed-chunk-7","dev":"png"},"document_id":"CA71D43E","chunk_id":"c7yx0fxfw3zfw","chunk_label":"unnamed-chunk-7"},{"row":174,"row_count":1,"visible":true,"expansion_state":0,"options":{"engine":"r","label":"unnamed-chunk-8","dev":"png"},"document_id":"CA71D43E","chunk_id":"chor5acfe8ujq","chunk_label":"unnamed-chunk-8"}],"doc_write_time":1710239030,"working_dir":null,"default_chunk_options":{"echo":true}}