{"chunk_definitions":[{"row":9,"row_count":1,"visible":true,"expansion_state":0,"options":{"engine":"r","label":"setup","include":false,"dev":"png"},"document_id":"CA71D43E","chunk_id":"csetup_chunk","chunk_label":"setup"},{"row":36,"row_count":1,"visible":true,"expansion_state":0,"options":{"engine":"r","label":"unnamed-chunk-1","dev":"png"},"document_id":"CA71D43E","chunk_id":"coqyddj7b24v9","chunk_label":"unnamed-chunk-1"},{"row":62,"row_count":1,"visible":true,"expansion_state":0,"options":{"engine":"r","label":"unnamed-chunk-2","dev":"png"},"document_id":"CA71D43E","chunk_id":"cmmkkknoi9vcz","chunk_label":"unnamed-chunk-2"},{"row":86,"row_count":1,"visible":true,"expansion_state":0,"options":{"engine":"r","label":"unnamed-chunk-3","dev":"png"},"document_id":"CA71D43E","chunk_id":"chsqxu94pdqsr","chunk_label":"unnamed-chunk-3"},{"row":111,"row_count":1,"visible":true,"expansion_state":0,"options":{"engine":"r","label":"unnamed-chunk-4","dev":"png"},"document_id":"CA71D43E","chunk_id":"cgfplo6yvll79","chunk_label":"unnamed-chunk-4"},{"row":140,"row_count":1,"visible":true,"expansion_state":0,"options":{"engine":"r","label":"unnamed-chunk-5","dev":"png"},"document_id":"CA71D43E","chunk_id":"cguup2m3f3l1c","chunk_label":"unnamed-chunk-5"},{"row":156,"row_count":1,"visible":true,"expansion_state":0,"options":{"engine":"r","label":"unnamed-chunk-6","dev":"png"},"document_id":"CA71D43E","chunk_id":"cm0m72r0c6j8k","chunk_label":"unnamed-chunk-6"},{"row":168,"row_count":1,"visible":true,"expansion_state":0,"options":{"engine":"r","label":"unnamed-chunk-7","dev":"png"},"document_id":"CA71D43E","chunk_id":"c7yx0fxfw3zfw","chunk_label":"unnamed-chunk-7"},{"row":174,"row_count":1,"visible":true,"expansion_state":0,"options":{"engine":"r","label":"unnamed-chunk-8","dev":"png"},"document_id":"CA71D43E","chunk_id":"chor5acfe8ujq","chunk_label":"unnamed-chunk-8"},{"row":183,"row_count":1,"visible":true,"expansion_state":0,"options":{"engine":"r","label":"unnamed-chunk-10","dev":"png"},"document_id":"CA71D43E","chunk_id":"czzifaab46fxr","chunk_label":"unnamed-chunk-9"},{"row":190,"row_count":1,"visible":true,"expansion_state":0,"options":{"engine":"r","label":"unnamed-chunk-11","dev":"png"},"document_id":"CA71D43E","chunk_id":"cn66mwxnhx6ga","chunk_label":"unnamed-chunk-10"},{"row":204,"row_count":1,"visible":true,"expansion_state":0,"options":{"engine":"r","label":"unnamed-chunk-12","dev":"png"},"document_id":"CA71D43E","chunk_id":"c9p6us8yvoech","chunk_label":"unnamed-chunk-11"},{"row":209,"row_count":1,"visible":true,"expansion_state":0,"options":{"engine":"r","label":"unnamed-chunk-13","dev":"png"},"document_id":"CA71D43E","chunk_id":"cityw2mddkmkd","chunk_label":"unnamed-chunk-12"},{"row":222,"row_count":1,"visible":true,"expansion_state":0,"options":{"engine":"r","label":"unnamed-chunk-14","dev":"png"},"document_id":"CA71D43E","chunk_id":"c6ti7cq9o1c4b","chunk_label":"unnamed-chunk-13"},{"row":245,"row_count":1,"visible":true,"expansion_state":0,"options":{"engine":"r","label":"unnamed-chunk-15","dev":"png"},"document_id":"CA71D43E","chunk_id":"cy2ty2ejnorxt","chunk_label":"unnamed-chunk-14"},{"row":286,"row_count":1,"visible":true,"expansion_state":0,"options":{"engine":"r","label":"unnamed-chunk-16","dev":"png"},"document_id":"CA71D43E","chunk_id":"ce2an2f06yo41","chunk_label":"unnamed-chunk-15"},{"row":305,"row_count":1,"visible":true,"expansion_state":0,"options":{"engine":"r","label":"unnamed-chunk-17","dev":"png"},"document_id":"CA71D43E","chunk_id":"cq8mrgooh4nu5","chunk_label":"unnamed-chunk-16"}],"doc_write_time":1747660345,"working_dir":null,"default_chunk_options":{"echo":true}}