x,y
48.11013922,-19.46153036
47.41956383,-19.96478629
47.08862875,-19.7096177
47.04966014,-19.85698688
45.65027578,-19.06161166
46.68819263,-19.54939475
46.58807374,-18.92870663
46.98440147,-18.90262287
46.56083449,-19.53254329
47.31841953,-19.14115092
46.33648983,-19.46792022
46.62159866,-20.07223561
47.22651529,-19.89165375
47.36657686,-19.28748364
47.47969804,-19.64488861
46.73143901,-18.89395875
46.96753098,-19.63570205
44.77502384,-23.36344803
47.63855811,-18.96449711
46.85568681,-19.6433227
47.56257181,-19.35112682
47.13960269,-19.11726972
46.10705239,-19.75443146
46.58154383,-19.22599391
46.62883484,-19.50250528
47.65706323,-19.71492795
49.21454199,-12.66574838
45.51044949,-24.36409984
49.00431262,-12.68328923
48.95704229,-12.55196707
49.37934706,-12.8448838
49.46538497,-12.59797294
49.26715406,-12.986835
49.13379175,-12.87073792
49.05687018,-12.77319099
48.88067986,-12.52480079
49.43492952,-12.7554141
48.24595051,-17.07977363
49.2757733,-12.98905341
49.55877164,-12.49151107
48.88247333,-12.6251691
49.11645659,-13.22962239
49.40115724,-13.05993577
49.56953463,-12.85563887
49.26812478,-11.99420914
49.02546166,-12.83804819
49.2040868,-12.5937952
49.41914377,-12.90118342
49.2365088,-12.75857336
49.33407281,-12.67283101
49.22199632,-12.7858822
49.1062676,-13.04516932
49.14513225,-12.99096461
49.46157483,-13.15013899
49.73882923,-13.12907332
49.51731235,-12.60123013
49.21300766,-13.32176079
49.20769298,-13.17675544
48.92525874,-16.96057715
49.20205789,-12.99814629
49.24351087,-12.77256976
49.07287193,-12.78403309
49.13250559,-13.22611488
49.63286283,-13.15819986
49.24326789,-12.00062846
48.85404631,-12.53331256
49.08528741,-13.50090783
48.96703988,-13.68034422
44.58122027,-24.93396276
48.19118302,-14.18379831
48.08807331,-14.00604941
48.31589881,-14.38112216
48.80264584,-13.52946114
48.13947165,-14.42266016
48.40067739,-14.07285074
48.51574844,-14.26235029
48.43787279,-13.90965337
48.17696845,-14.29571729
48.27902002,-14.25301828
45.68292444,-24.90475513
48.725916,-13.4721384
48.7889339,-13.66661962
48.79654747,-13.91325576
48.45472395,-18.02639485
48.64576603,-13.45531181
48.51135553,-14.34933938
49.15536433,-13.69292365
48.86871209,-13.74998274
49.26199649,-13.98443389
48.213334,-14.02859225
45.25026964,-25.01592734
48.63600289,-13.64963917
47.99635392,-14.03220646
48.23258823,-14.16901084
49.10491501,-14.1928531
48.19211694,-13.30753222
48.75866463,-13.81343504
48.07236857,-13.64143482
48.69623108,-14.24933574
48.0931622,-13.60866469
46.02396759,-24.72760268
48.44856624,-19.48004778
48.67144718,-13.83879413
49.24769846,-14.18770555
49.12456008,-13.28039918
48.6457512,-13.6335956
49.59750242,-12.82183814
49.11557168,-13.67997551
49.51941212,-12.75013475
48.48936217,-13.60146624
49.18974456,-12.97621845
48.5017359,-13.56716932
45.7879338,-25.25314902
49.44063393,-13.48143072
49.50526758,-13.62943394
49.28765179,-13.02404688
49.20905228,-13.36832461
49.11682459,-13.57329303
48.69464203,-13.94529591
49.24874603,-13.38833668
49.46719371,-13.13477877
49.20340484,-13.74426952
49.78631066,-14.22283468
45.2888874,-25.33344751
49.6507958,-12.8206609
49.11327609,-13.80750996
46.69201824,-21.78975531
49.34087643,-13.32187805
49.15780807,-12.71497051
48.85673908,-13.50284944
48.77580021,-13.63745004
48.62224469,-12.85694034
49.21935201,-12.72321298
45.46580056,-24.83823283
49.08003608,-12.48491845
49.13108443,-13.1876009
49.90117121,-13.50606582
49.95470959,-13.34891759
48.83402443,-13.15908833
49.56796802,-14.11109285
49.09877626,-12.50956568
49.0180911,-13.76613295
48.6315846,-13.46279943
48.72399568,-13.51141812
46.63704664,-23.41675714
48.04166269,-13.596013
48.91977822,-13.12299748
48.00382424,-13.5848531
47.82202287,-13.59622932
48.79808786,-13.47373793
48.67022487,-13.89064621
48.64721305,-13.45799802
48.36920517,-13.79523671
49.60818266,-14.74545735
47.51911056,-21.91628886
47.92367137,-16.26287562
49.71976957,-13.71411446
49.58438299,-14.1175992
49.76935792,-14.55452411
49.68584666,-14.85382578
49.58232742,-14.50091122
49.39127034,-14.24599499
49.80246614,-13.7038141
50.12189543,-14.07500841
49.75500718,-13.90239869
50.01417388,-14.45661098
49.61888018,-14.45125359
49.85693055,-13.86621982
49.78674703,-13.59760172
49.47853876,-14.50836508
49.81800283,-14.04986955
50.23890721,-14.78537156
49.14666247,-13.63533838
49.97972917,-14.80690319
49.95799877,-14.16398219
49.7778524,-13.74610384
48.26969001,-17.83082223
49.71653252,-14.05260053
49.56159847,-14.22963959
49.97095025,-14.86599284
49.86180949,-14.78121917
49.91416985,-14.54616412
49.57949302,-14.62172795
50.21389657,-14.94568904
49.16335279,-14.08020349
49.47078823,-14.44715707
44.95232792,-24.67540651
49.53446359,-14.69001492
50.22819291,-14.90909297
49.76197769,-14.68500196
49.71211338,-14.04811382
49.31969457,-14.52466278
49.62864914,-14.01676581
50.12513566,-14.74851936
49.99579655,-14.35698895
49.22667658,-14.6071176
49.30971917,-14.47960185
44.93314899,-24.96381601
49.42181965,-14.23829834
50.01933881,-14.11283487
50.1545606,-15.25510441
50.10327155,-15.52010303
49.89395832,-14.19064782
49.21182911,-14.57748487
49.92469356,-14.66292977
50.12056908,-14.3111706
50.17940183,-15.74201367
49.91045932,-14.50325005
43.73140842,-24.04362542
48.29692654,-19.61014649
50.38416737,-15.25602093
49.81311357,-15.17919116
49.70361554,-15.04125664
49.4754834,-14.83061975
49.94341574,-15.4474042
49.83426624,-14.34040978
49.81879818,-14.35475406
50.07347515,-14.44121961
49.67354296,-14.80861843
50.11682083,-14.46589089
49.97309275,-14.59397022
50.01829419,-15.35400515
50.0316126,-15.2554119
49.75781385,-14.97791934
49.94220208,-14.59961595
49.54211749,-14.6249816
49.58684567,-14.58011442
50.25577834,-15.32768116
50.1349704,-14.41610982
50.22985136,-15.01947127
49.99331142,-14.31709785
49.76934514,-14.57071727
50.11243526,-14.40075304
50.11308754,-15.73614878
50.08555954,-14.66157868
49.37429009,-14.48906607
49.70597142,-16.34956134
50.03303381,-15.16026456
49.34085285,-13.1472071
47.17173427,-18.97721535
50.15433889,-14.34061488
49.24146689,-18.59466049
48.68741774,-18.53762774
49.33846185,-17.89998098
47.74661768,-14.86228225
49.17131062,-17.06501796
48.80773392,-18.07318114
49.27500622,-18.16039944
49.05361631,-17.97147661
48.91773278,-18.42367483
49.46133833,-17.76108072
48.86379877,-17.87230236
49.18538966,-17.83667374
49.39813364,-18.04851439
49.44878626,-17.21851709
49.24048363,-18.40724933
49.38298945,-18.06252695
48.60423421,-18.3166142
49.02409846,-18.08579475
49.12136715,-18.73065636
48.88311857,-17.54649117
49.03323882,-17.22692283
49.30926044,-17.06352813
49.05622899,-17.51223611
48.75699423,-17.92210745
49.07638067,-18.00262725
49.00889628,-17.81245537
48.72235649,-17.51913499
48.34494328,-18.21134123
48.4844411,-18.18385441
47.92106647,-16.52610703
47.47471148,-16.28649615
47.30843322,-15.62651063
47.60755493,-16.49256056
47.14162992,-16.60221935
48.07334271,-16.23608786
48.34735028,-15.85710873
48.74230125,-16.27081514
49.24966063,-15.05320328
48.2999281,-15.74195527
48.84563592,-16.80867739
48.74559684,-16.25141345
48.39260501,-15.52140908
48.0179969,-16.25269352
48.57177756,-15.61108708
48.42744805,-16.56454261
47.91371722,-16.06357446
48.7711882,-16.23228007
47.92731927,-15.60535614
48.75340614,-15.94266659
48.76576131,-16.31887932
49.44490636,-15.99496597
49.28150625,-16.64260562
49.05686049,-16.39509696
48.63590189,-15.49021886
49.19663474,-15.8144064
48.95856505,-15.42467631
48.85918119,-16.70942627
48.45208161,-15.98540407
49.15540332,-15.80277569
47.97324667,-16.0232909
47.85494793,-15.39447875
49.68827952,-14.02552886
49.71911347,-13.43464104
49.75405612,-13.11424332
49.84260203,-13.5358227
49.27818036,-13.98653026
49.37963634,-13.40597043
49.92233911,-14.27863898
45.3622336,-18.653009
48.54587312,-17.37813862
49.35266466,-13.88380636
49.14843342,-13.472264
49.68269992,-13.56374124
49.99524587,-13.90508497
48.92822491,-13.10827333
50.04568143,-13.96512284
49.79654607,-13.59734942
49.84029867,-14.0990537
49.52323399,-13.34777204
49.57062392,-13.34004964
49.13578646,-13.83986154
49.74483425,-13.13695308
49.77698353,-14.33830966
49.62691541,-13.7000188
49.63902556,-13.54073759
49.86300871,-13.42891253
49.21401516,-13.9167399
49.1301806,-13.50548508
49.52331437,-14.02728503
45.10965875,-19.69874104
49.61668334,-13.29694351
49.77173221,-14.24030791
49.35135566,-13.4413677
49.36464469,-12.93735776
49.34222497,-13.69011587
49.88005191,-14.27562406
46.57207112,-21.31068268
47.57510259,-21.01863128
47.36844983,-21.27750712
47.38586756,-21.50941756
47.52102438,-21.89037579
47.64460362,-21.39692434
46.82330175,-21.60368164
46.6549748,-21.16411804
47.6070093,-21.57077396
47.66415611,-21.64972047
47.25998703,-21.75423147
47.03008353,-20.90192728
46.96673003,-21.15822539
47.73478205,-21.63057866
47.40800725,-21.61399666
46.79597828,-21.05914061
47.08458568,-20.99879931
47.54161408,-20.91748312
46.75921465,-21.43167006
47.76540175,-21.58721818
46.42748172,-21.25216425
46.65060882,-21.53822907
47.25069765,-22.01357786
46.73871107,-20.96924051
46.76735389,-21.35984802
46.7710257,-21.69156063
46.55152355,-21.90620008
47.82314717,-18.27494359
46.74423767,-21.56120623
46.97010837,-22.15851012
47.59408379,-21.56078401
47.4419944,-21.17679821
47.58142122,-21.65270118
46.57709551,-21.22792355
47.63863293,-21.98523474
47.51524324,-21.87594388
47.72590904,-21.59802707
47.81117336,-21.1768481
47.10091734,-21.99826496
47.81405939,-20.41249385
47.26983656,-20.71192894
46.45608917,-21.50118839
47.47188576,-21.41923004
46.70020013,-21.64606826
47.5963295,-20.94702575
46.70756251,-22.07384464
47.02630492,-22.02075066
47.16577249,-21.92248616
47.66087091,-21.32933419
46.70351471,-21.43698813
47.21887107,-21.35059219
47.42614972,-21.28603368
47.38462986,-21.86070257
47.09180318,-21.05729243
47.22544412,-20.94145928
47.14309061,-21.90773253
46.88209985,-21.61812226
46.36414196,-16.26816462
44.89410936,-24.6733582
47.78247255,-21.57344837
47.27781211,-21.23429178
47.12795061,-21.97970252
46.83935517,-21.46520403
47.2538768,-21.94973451
47.25996833,-22.30391508
46.31851287,-22.16799292
47.71796868,-22.19117546
46.60751879,-21.68057348
44.97380912,-24.45047795
47.41564786,-21.40494563
47.06400978,-22.32531568
46.9137015,-22.36627109
46.62436617,-22.33269202
46.86699374,-21.7614369
47.32654002,-22.31529715
46.98971128,-21.40700772
46.53298633,-22.16369735
47.58366781,-21.71639513
46.99632759,-22.58107206
47.49374352,-21.66640268
47.25082482,-22.24314111
46.7684517,-22.63285906
47.09210817,-22.26481159
46.84454817,-21.76067382
46.51746416,-21.5929188
46.88312315,-21.87277774
46.21754047,-21.53880272
46.6450064,-21.63334089
46.37142836,-21.92177945
46.91783979,-21.53844643
46.62735145,-22.4108553
46.31973464,-22.12431392
47.15017761,-22.5320544
46.56053254,-22.13607884
46.25659746,-21.44159882
47.36406393,-21.2808708
47.18326181,-21.76218598
47.50786398,-20.79849228
47.70930658,-21.96474499
47.24701238,-20.72707233
47.21803744,-21.54816927
47.33227041,-21.79169513
47.24470641,-21.52272787
47.66368694,-21.50410467
47.46018425,-20.5791423
47.42113326,-21.1992694
46.69377879,-21.25855353
47.33865103,-21.46089731
46.79141324,-21.19034119
46.87692552,-21.00561274
46.84139628,-21.45456052
46.47253784,-21.21727842
47.47567042,-21.2239278
47.80568479,-21.13847043
46.94218985,-20.66958151
46.78397816,-20.74688314
46.94983468,-21.76671336
47.25342888,-20.73952467
46.14671971,-20.86864377
46.77020333,-20.90652679
46.99447049,-20.63559264
47.01108412,-20.86606503
46.17368843,-21.3719486
46.63873142,-20.95885392
45.66822851,-21.35440024
46.67298891,-21.37343496
46.6000705,-21.29400517
46.92385446,-21.76530603
46.93914421,-21.82557245
46.91058463,-20.19963706
47.66598236,-20.24802525
46.98742527,-21.34696181
47.01437625,-20.94269022
46.66709091,-19.64839395
47.3417975,-20.29891189
47.26930778,-21.17148498
47.34334188,-19.9901788
47.73329064,-20.94529051
47.3608688,-21.15766349
47.50684719,-20.29350916
47.61031434,-20.86982451
47.4431245,-20.83343047
47.40061122,-21.30780695
46.66984285,-20.29872906
47.2122234,-19.84214179
47.40070794,-20.48445285
47.69659425,-20.45797434
47.29650919,-21.03684398
47.20360881,-21.00499495
46.99332572,-21.04281429
47.57293294,-20.14596909
47.05721618,-19.96343275
46.95800092,-20.94167965
47.22756006,-21.12921319
46.96018892,-20.16261588
47.9983609,-20.74975324
47.67650005,-20.46397937
47.28672943,-19.93413869
47.39274558,-20.35969543
47.80714318,-20.1304616
47.82618296,-20.4050791
47.95685706,-20.83442741
47.86474612,-19.04388279
46.75700117,-20.73928885
47.45705988,-20.0650124
46.84072512,-20.15894148
47.60774864,-20.58658626
47.6383989,-20.27768362
46.49075313,-20.18241155
47.24116624,-20.05426513
46.84509172,-20.12674763
46.98459166,-20.88981905
47.16726396,-19.86147037
47.16571626,-19.0843196
47.6280498,-20.84113389
47.11338047,-19.98117013
46.5067764,-20.48243063
46.77164898,-20.7887885
46.5063264,-20.21634018
46.5526188,-20.61749204
47.23569348,-20.34273823
47.19634325,-20.73401704
46.34760285,-20.65450746
47.33625029,-19.39712521
47.26888954,-20.21565023
46.57641094,-20.76371904
47.12263524,-20.96041474
46.37719002,-20.73862717
47.13696969,-19.80255603
46.21430204,-20.38988682
46.92398606,-19.95946518
46.20331526,-20.99772425
47.6067252,-19.44005998
46.43772694,-20.49698377
47.07091879,-20.38383397
46.75199413,-19.97138003
46.86980395,-20.88006847
46.57297638,-20.1694236
46.63433283,-19.88289601
47.21881162,-20.91543744
47.59661693,-20.67483555
47.4008951,-20.00548156
47.4936854,-20.73058142
47.20784992,-19.13691277
46.94308734,-20.41510368
47.68277298,-20.79942862
47.48515984,-20.85089566
46.78020448,-20.48719469
46.93693599,-20.51885291
47.99390393,-20.16579708
47.29619056,-19.92965357
46.74572272,-20.15892307
46.85430961,-20.27064581
47.71631383,-20.22032129
48.07324764,-19.24335116
47.66477904,-20.15186043
47.12307632,-20.21905942
47.00460215,-20.13097566
47.24709053,-20.63529336
47.56965348,-20.80304806
47.37695771,-19.74142971
46.99732328,-20.75814737
47.63360204,-20.48436407
47.8725176,-20.60857222
46.84520772,-19.85612946
47.2086513,-19.54603598
47.31388982,-20.37038683
47.37344132,-19.78962799
47.15276958,-20.44770026
47.56775146,-19.6828163
47.57848544,-19.88163745
47.02727983,-19.73502911
47.73737536,-20.58131229
47.59981993,-20.64061228
47.66705764,-19.66732201
47.87670267,-20.4988689
47.16096603,-19.13195362
47.1260893,-20.59439609
47.65993635,-20.40691989
47.0923386,-19.80212234
47.0907726,-19.44092356
46.903456,-20.42029065
47.65802229,-20.77395774
46.60664903,-20.40185111
46.89922393,-21.28849348
47.28461883,-21.23052996
47.60741595,-19.49650423
47.00289692,-20.3416625
46.82957391,-20.40505187
47.09309759,-21.25942671
46.81103822,-20.89288498
47.48689413,-21.30118325
47.56939829,-20.49755397
47.39185736,-21.10803622
46.41623307,-21.25684969
47.09500934,-20.44450425
47.94818642,-22.17786109
47.12058066,-19.50711731
47.73373802,-22.16395922
47.20763709,-22.22955717
47.83339486,-22.0700138
47.04182639,-22.98007916
47.34455975,-22.69419583
47.64743414,-23.10789736
47.31977564,-23.25800766
47.34524903,-22.93739838
47.22026476,-23.32089804
46.91458766,-22.88510403
47.64519278,-18.50535437
47.23283445,-22.47972552
47.99139325,-22.21455154
47.53295864,-23.51602222
46.52673482,-24.08793502
46.64599693,-23.90238984
46.61736649,-24.19115599
46.73877749,-22.81371715
47.2993653,-22.97024643
47.25398765,-22.72488612
46.78536294,-23.152368
47.41665162,-19.56092878
46.45055395,-23.02308848
47.35219713,-23.88202201
47.31384416,-23.84839714
47.15542041,-23.44798296
47.484302,-23.92274355
47.12861806,-23.95457307
47.24233135,-23.39860404
47.38677296,-24.10773629
47.16781403,-19.0090037
49.06301871,-17.46333978
48.69760654,-17.48920429
48.95433043,-17.98699449
48.80877436,-18.03216122
48.63300903,-18.35635956
48.75703851,-19.2018451
48.660681,-19.31026997
48.35163362,-19.07689771
46.87248078,-19.17534973
48.14044935,-19.95114219
48.23227524,-20.0237312
48.71839016,-19.92265784
48.76294856,-19.26274181
48.49596045,-19.15380018
47.73549561,-19.59938408
48.81033696,-19.89966536
47.99623457,-19.82135575
48.33116841,-19.16254817
48.79712556,-19.36367214
47.30855528,-18.67619038
48.8352858,-19.70367453
48.01289043,-19.46149242
47.89581377,-20.095375
48.32832984,-19.75314452
48.40180101,-19.98641504
48.26105118,-19.71496047
48.05987744,-20.80762809
48.28388526,-20.41853454
48.32250092,-19.93652264
48.59070296,-20.38565596
47.06303427,-19.32600482
48.61011723,-19.64062108
48.17925242,-19.45979811
48.39882822,-19.51751649
48.40932236,-19.4056542
48.58219146,-20.45674607
48.34545703,-20.14797683
48.81753814,-19.57529222
47.57533463,-20.32079908
48.55872069,-20.17705304
47.97451533,-20.48553108
47.5378958,-18.4062152
48.07097256,-20.34568947
48.08676218,-19.99675928
48.68874547,-19.8011823
48.06219889,-20.01567873
48.52121434,-20.24940167
48.34415688,-20.42012456
48.25659392,-19.45752096
48.39881297,-20.36567036
48.64613357,-19.77425139
48.0907949,-19.88653271
47.78629365,-19.26228815
48.3899754,-19.53385301
48.72103854,-19.77547567
48.41420977,-19.78313964
48.33204704,-20.10929184
47.29662714,-20.13722782
47.546858,-20.48040508
48.07011372,-20.32956147
47.39748276,-19.9724394
47.41314941,-20.00410521
47.27184082,-17.35294734
48.25925562,-19.91964497
47.81765517,-21.31400541
48.17635006,-21.65772567
47.97347033,-21.5486761
48.20467724,-20.78927815
47.62763235,-21.34109528
47.85623888,-20.41771722
48.00670056,-19.31436422
46.72396676,-19.99779037
47.78827532,-21.43680816
48.18054134,-15.58005603
47.94753337,-20.95861899
47.7791625,-21.1215748
47.92468887,-22.15596691
48.07681223,-20.67697938
47.9008168,-21.2667536
48.40537021,-20.69044008
47.94856066,-20.80402351
47.4785178,-18.68285409
47.73949075,-21.05082574
47.84532818,-20.69392387
46.93975035,-23.02029953
47.06075015,-23.71220076
47.5695786,-22.61411952
47.00369147,-23.38311948
47.09100641,-24.33269158
47.00755915,-23.56664532
47.01587086,-23.60882077
47.35712029,-23.46454913
48.0371377,-19.37064448
47.2302893,-24.13642073
47.23451574,-23.73960933
47.20189804,-23.8806799
47.24302296,-23.67428693
46.91119397,-23.47045113
47.22178555,-23.61750554
47.04100055,-23.35008677
47.52105805,-22.85941963
47.02225428,-23.5155851
47.44223491,-23.0021595
47.18034178,-23.03244211
47.13934526,-23.67818477
47.51428904,-23.86971634
46.62053902,-23.43259029
47.28088122,-23.89715101
46.95912078,-23.47425404
47.33267814,-22.85650461
47.35872307,-23.80980211
47.33108619,-22.89294775
47.08272243,-19.26798429
47.39343529,-24.00030949
47.10104584,-23.90422187
47.32545704,-23.10961084
46.82974409,-23.83848161
46.64554177,-25.07646152
47.08336508,-23.62770522
47.59721663,-22.76889574
47.33664796,-23.75120544
47.50078868,-18.48705173
47.7074348,-23.00332316
46.88425413,-23.41338455
47.87392015,-22.36474334
47.49174957,-23.19660339
47.34850396,-23.04569596
46.78479157,-23.10613004
47.79170462,-22.27317061
46.91677111,-22.57347618
46.91736524,-22.65638119
46.96839636,-22.790544
47.59639261,-18.54119579
46.83976852,-22.45779328
46.98246293,-22.90625039
47.03261338,-23.03418677
47.23538905,-23.08027439
47.80776153,-22.17671416
47.09118774,-22.89227202
47.45006312,-22.95158419
47.4800316,-23.61629028
46.75837132,-22.67850792
47.1718276,-22.88384358
46.80229434,-18.85924741
47.85638292,-22.03308226
46.79840798,-22.48800693
45.32901452,-22.08792489
46.75761585,-22.24413896
45.75807852,-22.16540332
46.05101568,-22.64218345
45.13878818,-22.13600901
46.63313455,-22.71745181
45.99120413,-21.90451947
47.54618343,-18.40405611
45.1522969,-22.51852485
45.19088688,-21.67273962
46.67989777,-22.28327746
45.8923269,-21.71430657
45.59719925,-23.20256879
45.06720314,-23.00683893
45.73343481,-22.4933329
46.66844958,-22.71532912
45.1266301,-22.33004211
45.64676043,-23.24856178
47.2098495,-19.27378608
46.6165548,-21.81757831
46.97200003,-23.056639
45.69944093,-22.63460797
46.5433102,-22.16494643
46.50116641,-21.93716577
45.55146007,-23.01241944
46.59133205,-23.05801136
46.91387918,-19.16163613
47.12657966,-19.10680744
47.1987951,-23.37417247
46.04343196,-22.38162964
47.22410903,-23.62131723
47.08919837,-22.83478858
46.10708856,-22.96723494
47.26250821,-22.85838594
47.28903726,-22.71312168
46.34573401,-22.99478725
46.38628191,-23.41701937
46.72664952,-21.64962311
48.83925576,-17.20549258
47.12373347,-22.21167576
47.00048965,-22.05821629
46.64821542,-22.28941554
46.321115,-22.56270682
46.59583522,-23.18961888
47.08005281,-23.1756465
47.9112781,-21.52718563
47.57211594,-21.80735761
47.48390629,-22.57991314
47.30079233,-18.52106272
47.41099339,-22.28828019
47.49973349,-21.85375359
48.02992571,-21.61145717
48.10843891,-21.81084218
47.6199422,-22.5914101
47.66675467,-22.20151008
47.31039872,-21.73470141
48.16605606,-21.6021238
47.61932509,-22.27200715
47.3260737,-22.40800347
47.44927136,-18.59966613
48.23706745,-21.39238927
47.54121886,-22.10578915
47.29214685,-21.58509695
47.52864743,-21.27339516
48.03293633,-21.87800949
47.46882235,-21.59213972
47.85504375,-21.72487004
47.43411451,-22.12775385
47.4907598,-21.33742393
47.42701828,-21.84305161
47.15516401,-18.50836583
48.00035674,-21.5181349
47.84631416,-22.616852
48.01050729,-21.54571732
47.53103523,-21.3289853
47.86820853,-21.20969471
48.01511581,-21.61354691
47.830694,-21.19764241
47.31845355,-21.40686494
47.74554592,-22.54062922
47.98190979,-21.5180043
47.0491577,-19.15369609
48.13789564,-21.60728076
47.88038056,-21.8184167
47.6549206,-21.90517049
47.82417662,-21.81792975
47.09367934,-22.25766077
47.3638227,-22.21338582
47.33559364,-21.54981311
47.78373681,-21.80962605
47.68656829,-21.30757749
47.68542648,-22.5978744
47.14651869,-18.56711997
47.61293293,-22.02200219
47.32255237,-22.07880852
47.93992539,-21.45273409
47.6271906,-22.4135873
47.68905334,-22.53259751
47.81010873,-22.3305822
47.75993824,-21.20192014
48.11274643,-21.26389452
47.43626336,-21.21778091
47.16228007,-19.10845347
47.822301,-21.08341312
47.66870616,-21.82568011
47.99915539,-20.37648095
47.36083568,-20.20922689
48.57911311,-17.51341772
47.40194358,-21.87183521
47.70426548,-20.72985417
47.58727449,-21.05981918
47.37148208,-21.61462667
47.14396971,-21.17657709
48.04013457,-18.78829767
47.26325417,-21.00014551
47.79897728,-21.35483981
47.4501444,-20.38619285
47.63899398,-20.37116594
47.40259716,-21.52352379
47.5536002,-16.7570045
47.90640347,-20.41736221
47.64054569,-20.47543062
47.30716293,-21.04461887
47.5566088,-18.40724402
48.12880309,-21.19944027
46.99311024,-21.04858317
48.05351145,-21.91783457
47.85081309,-21.7191402
47.49693826,-22.13265051
47.78733681,-22.48149129
47.57907021,-21.71046098
47.7205804,-22.42550429
47.78898999,-22.35705541
47.02931624,-22.53559215
47.09593308,-19.4198865
48.58220983,-17.34878034
47.84365255,-22.04278467
48.15135323,-21.71739929
47.98422939,-22.21483744
47.90250294,-22.33916335
47.11000615,-22.329869
47.84400693,-21.35318238
47.47704927,-22.7343796
46.722564,-21.96419552
47.15960003,-21.8198262
47.03245825,-22.09013426
46.94408631,-22.16402716
46.94883072,-21.66176825
47.3771331,-22.50629683
48.04095094,-21.85583093
47.15996225,-21.41369243
47.39393826,-21.70124939
46.84559067,-22.34953989
47.32181624,-22.05717855
47.52648006,-21.259743
47.50412254,-21.11239228
47.46502583,-21.80928935
48.21222625,-21.13372983
48.53735206,-20.37098105
47.86339336,-22.11904772
47.93183735,-20.43178411
48.07204714,-20.44260686
47.95279391,-21.54289111
47.68264808,-20.96014492
48.43073409,-20.90065665
48.07401227,-20.87136503
44.6776721,-25.1334117
48.25248551,-20.73665258
47.95352332,-21.63260993
48.10147425,-20.34223195
47.9315215,-20.71448575
47.62794532,-21.91872595
47.89330648,-21.43705175
48.44812595,-20.44394066
48.30162077,-20.56977557
48.16563629,-20.73021207
48.04238558,-21.63114856
43.99723265,-24.27456409
47.82676695,-22.03612836
47.74706772,-22.24236612
47.74986401,-21.48439297
47.90227294,-20.6378069
47.70623012,-21.83833136
47.95769883,-15.77941228
47.95549555,-15.38222031
47.86715342,-16.02247322
47.59637712,-16.2518108
44.68822364,-24.00325998
47.72321753,-16.09581522
47.15925458,-16.411518
48.32587467,-15.62510544
47.47328406,-15.21503012
48.12140942,-15.43669258
47.82380313,-16.33701538
48.01288346,-15.47798443
47.69924548,-15.7750033
44.06931949,-23.888723
47.71331734,-16.03850357
44.55528459,-23.49111495
47.73826426,-15.06634051
48.15001458,-15.63224803
47.84073917,-16.2444102
48.14255959,-15.16023495
47.73921521,-16.12990278
48.09017917,-16.31168917
47.44742956,-16.24422684
47.44868796,-16.25263404
47.96734374,-16.32748137
48.2694161,-16.22859828
44.23321493,-23.8046454
48.09035899,-15.81804486
47.49374514,-15.4889804
47.31740026,-16.66593871
47.85396201,-15.88789497
47.16926581,-15.59653558
47.10865465,-16.73564023
47.68522248,-16.2662408
47.74388578,-15.89422336
49.06978572,-15.64192444
48.3064458,-15.43119062
48.721831,-16.23040011
49.10420398,-15.41766843
49.01415006,-15.76375799
49.06150257,-16.13801637
48.90575177,-15.58390044
48.25401389,-15.43233176
48.9687745,-17.90189246
48.88617581,-18.20106483
45.31929639,-25.22016432
48.78367879,-18.34272216
49.06505716,-17.93142872
49.03302971,-17.783039
49.28993702,-17.44462794
48.04361416,-20.78139955
48.33540864,-20.85432541
48.09983109,-20.76164525
47.80533363,-20.32461879
48.36631748,-21.10534558
47.91718899,-21.1525991
46.1416844,-25.0292076
46.41319641,-24.83132897
47.0310094,-19.1774843
48.27016547,-19.99531259
47.52887235,-20.67995466
48.45827746,-20.28337902
47.82814682,-20.24424477
47.31565446,-20.18694869
47.86897616,-20.94877451
47.49533535,-20.83663163
48.05127429,-20.40642317
47.98142972,-20.44307863
48.21318695,-20.29323251
45.97218183,-25.05612998
47.88730807,-19.83219528
47.69005939,-20.18484668
48.44625824,-20.02611716
48.21509897,-20.0876656
48.14976353,-20.18758964
48.11908617,-20.70868514
47.93090047,-20.50881177
47.63147879,-20.58129268
48.51363618,-20.17851541
47.92099531,-20.31481502
48.26454988,-21.34338766
48.3148142,-20.36069887
47.77579882,-21.9094102
47.61036996,-21.74324721
47.61786809,-22.77614434
47.4151426,-22.49662987
47.98260666,-22.17868643
47.99710537,-22.0011177
47.82401615,-22.84016284
47.57480736,-22.75188594
48.69348328,-18.29985351
47.81855718,-22.58260182
47.83893038,-22.54209015
48.0416547,-22.0685304
47.48604779,-22.02880053
47.32741124,-22.56572543
47.46623404,-22.48319221
47.47471312,-22.82224435
47.32020461,-22.33743652
47.71517975,-22.9238674
47.56822314,-22.55897221
48.82596929,-17.94339537
47.15958054,-22.36501227
47.60366854,-22.91253432
47.51953441,-22.54243811
48.10316371,-21.75521512
47.32675493,-22.62599471
47.43921489,-22.71526871
46.60916463,-15.48685145
45.84629324,-15.95640544
46.6693586,-16.08880904
48.13171373,-19.45300256
46.57444487,-15.95856973
46.57244267,-15.47345
46.94825985,-15.92809597
45.95035294,-16.04995645
46.881498,-15.36305014
45.90683126,-15.81934095
45.86805703,-15.88011882
45.95566347,-16.00748965
48.89889013,-19.2150021
46.07197741,-16.2588371
46.91938864,-15.69448989
46.92438044,-15.81926526
46.93134742,-15.53344826
46.64003292,-16.2147481
46.76144889,-15.98191093
46.16620758,-16.16094835
46.83773643,-15.74020884
46.42844677,-16.24821082
49.20616287,-17.35277618
46.04266612,-15.93419763
47.30582459,-15.86111185
46.08809154,-15.81474014
47.18946959,-15.63982495
46.80780114,-16.34603071
46.82610182,-15.92434234
46.26614865,-16.11148166
45.92363603,-16.12573162
47.41562102,-15.90254208
47.16069685,-15.31032729
49.36921875,-15.52816874
46.92182929,-16.22131818
47.28139674,-15.82580247
46.7607739,-16.05943717
47.17479366,-15.86163508
46.76337195,-16.04408225
46.86216158,-15.30014465
47.59195429,-15.25624104
46.31704705,-16.44468992
45.79464423,-15.87545864
47.21733366,-18.88714202
45.99486359,-16.57123868
46.3463677,-16.14072589
47.6250164,-16.54092857
47.21267411,-16.19037951
46.79991409,-17.00081541
46.5883839,-16.70969483
46.62479423,-17.07271261
46.51531591,-17.45694021
46.03877953,-16.91764948
46.77353871,-16.65896689
47.61334017,-18.24669601
45.9016509,-16.3590341
47.58449847,-16.72464898
46.45146912,-15.84908951
47.12713036,-15.90453353
46.70365204,-15.98526304
46.62856251,-15.48631582
46.91317342,-16.63752934
46.40938526,-16.24768833
46.87832139,-15.6889136
46.24218609,-16.01905386
46.30153765,-16.42331827
47.36576676,-15.76735642
46.79972839,-16.42118501
46.36254794,-15.6412665
46.41686124,-16.22537167
45.51344257,-16.21250918
45.62451595,-16.81171338
46.41315912,-16.09154959
48.20007951,-18.85352426
46.47948476,-15.98022165
45.79477201,-16.35970556
46.15342909,-15.77291323
45.96665557,-16.20706871
45.92958469,-16.69276286
45.21368635,-16.11729674
46.01524154,-16.53856863
46.33141899,-15.69717937
44.97622997,-16.74393787
45.09419067,-17.01894297
45.57714289,-16.2004967
45.90183181,-16.37296614
45.25557625,-16.06788086
44.61654243,-16.50147759
45.28246869,-16.80640801
45.15571542,-16.82939512
45.55707895,-16.46612666
46.43936896,-16.07666747
47.07834004,-16.19674187
46.75422758,-16.02996385
46.76996797,-16.75304131
47.82273142,-15.94219303
47.60046207,-16.04488832
47.23961141,-16.93810084
47.0054583,-16.64603424
46.04898691,-15.79981118
48.01447766,-18.99248308
47.27970421,-15.77180021
46.53597094,-15.59952574
47.21786802,-16.10751321
46.96333286,-15.96195535
46.53866818,-15.81827177
46.3316495,-16.6887133
46.09411152,-16.68151152
46.73118842,-15.58829401
48.34918585,-19.18206214
49.47014371,-16.63437061
48.75602271,-17.03185893
48.97912373,-16.97435567
49.19133952,-17.43216885
48.70585945,-17.13219112
48.83078645,-17.76153891
49.02139417,-17.48273578
48.95026018,-16.6507912
48.76921656,-17.34504058
48.87804288,-17.68803933
47.09483439,-18.57132334
49.45608173,-17.47218826
49.20723034,-16.79444613
49.02295232,-16.94658026
49.26744091,-17.45377677
49.03130506,-17.13382877
49.18717162,-16.52817141
49.36418535,-16.92960981
49.30746714,-17.45705755
49.20531694,-16.83675124
47.98649432,-19.08280274
49.48129644,-16.84412497
49.08815105,-16.97737316
49.32642174,-17.80351458
49.3812345,-17.4251225
48.88013488,-17.12726568
49.42126189,-17.51611877
49.48241647,-16.9589919
49.55057938,-16.40798431
49.37499908,-16.43735137
47.48530006,-19.41932969
50.21120638,-15.85530276
49.53818337,-16.69389762
49.27192975,-15.64534847
50.14376894,-15.79468294
49.33151813,-16.57450444
49.69112867,-16.6476112
49.76330221,-16.21521632
49.36779844,-17.51655402
49.37604785,-17.16930825
46.9254259,-18.90116293
49.58219248,-12.84505558
49.59461537,-16.66613808
49.66370147,-16.65590248
49.43402113,-17.20609541
49.43289864,-16.90030725
49.19147118,-16.96025918
49.18754471,-16.37909232
49.23922787,-17.16618054
49.57194711,-16.43707352
49.57531985,-16.55810685
47.18310213,-19.27089698
48.65981645,-16.63499911
49.51446166,-16.25153629
49.49427887,-16.91426931
49.53508643,-16.57262763
49.23012603,-17.53082486
49.14176312,-16.8550412
49.34213933,-16.24525503
49.80039895,-16.29669539
49.44261064,-16.3644242
49.6112527,-16.6806802
49.0947536,-16.8603554
49.67200478,-16.55167183
49.21730128,-16.53784899
49.31988354,-16.58044035
49.225869,-16.48405312
49.15963491,-16.6342941
49.06578815,-16.92379916
48.52658995,-17.89119843
48.55368703,-17.77922789
49.10367155,-18.04163906
47.9863022,-18.69624283
48.79197729,-17.14963536
48.90317974,-17.88392306
49.0793303,-17.15934932
48.81123322,-17.94753813
48.72450211,-17.62672097
49.5280705,-17.00589661
48.32221259,-17.50577098
49.38512424,-17.76728687
44.63589358,-17.77673224
44.16558616,-17.94721095
45.04622401,-17.87376638
45.60815417,-17.50702762
44.86924281,-18.50184912
48.51809753,-14.6131755
47.36538463,-15.03711737
47.95992888,-15.3783527
47.89269996,-15.32201375
47.79698142,-15.43901325
47.86869354,-14.863265
47.99019645,-15.44422896
47.57720177,-15.8104573
47.79824074,-15.30328924
50.0354693,-15.73952573
49.76977264,-16.66601729
49.1325885,-16.83489241
48.99308592,-16.11364583
49.48577825,-15.6488187
49.31976991,-15.9781505
49.24056141,-16.52369341
48.90764178,-16.0563139
49.56577821,-16.7078566
49.43174822,-16.65435927
49.49519445,-15.45378671
49.61228805,-16.312105
49.56085207,-16.6510277
49.0301048,-15.53070865
49.37508155,-15.61271218
47.23189154,-18.80286953
49.33314241,-15.86030169
49.59677444,-15.69546446
50.17366037,-15.27200164
46.45661561,-16.2252961
45.2589055,-16.73774722
45.7039924,-16.6664347
44.9676574,-16.61365566
45.62111758,-15.99426669
45.29593129,-16.57368392
47.04265895,-17.18553435
46.6207627,-16.74685941
47.29570919,-17.95252182
47.53498118,-17.29758747
46.9102069,-17.97067449
47.04607028,-17.31754078
47.14594782,-16.73678036
47.39856497,-16.69281599
46.34698473,-16.52020972
46.66905338,-16.53492846
47.2385789,-17.32693943
46.69375738,-17.697419
47.10262567,-16.83756852
47.4872926,-17.25307508
46.84128387,-17.04739131
47.31538713,-17.55072562
47.03120115,-17.8447244
46.733463,-18.23880305
47.20423009,-16.89681653
46.67468962,-17.15225418
47.12887511,-19.17446067
46.04573345,-17.71082733
46.81572441,-17.78308948
46.58394238,-17.00347356
45.70153122,-17.57499873
48.21002239,-17.42715509
47.69308124,-17.80756642
47.32093062,-17.7547093
47.07194482,-17.69398723
47.49645467,-17.22090949
48.16041816,-18.87683028
47.14829369,-16.69783756
47.98416533,-17.80615266
48.10232828,-16.71004315
47.6423266,-16.57757449
47.50173706,-17.1257111
47.87413663,-17.40098402
48.15065012,-17.9120242
48.29178942,-17.7044102
47.4234969,-18.01817028
48.11148788,-17.33212585
47.79514589,-17.78212882
47.82674395,-16.80297718
47.48775657,-18.05286305
47.69500492,-18.03559783
47.6532974,-17.78401561
47.33852902,-17.36769276
47.4401799,-17.3773196
47.21657842,-15.96146112
47.63636444,-16.18128078
47.25851686,-17.18910007
47.498336,-16.7829384
44.53754592,-18.41389022
44.27868248,-17.02513743
44.23571175,-17.5643895
44.46849741,-18.25900579
44.53318429,-16.9089392
44.16294716,-18.12727608
45.03803591,-16.8297349
44.31661652,-18.45522731
44.5877071,-16.96237155
44.3572616,-17.92037775
44.30054954,-17.82752877
44.23786356,-18.34993105
44.61935618,-17.0896638
44.91564036,-17.33361197
44.24466526,-17.02293021
44.65073505,-17.14782973
44.53610351,-17.02578167
44.39890391,-18.36183224
46.02816688,-17.81365579
45.58978261,-17.25513998
45.52345929,-17.10896125
45.03132656,-17.26254507
45.03313418,-17.92094633
44.99040252,-17.7274633
45.24283105,-17.45742707
44.27317795,-18.37173337
44.9271348,-18.80421898
44.65891942,-19.41862632
44.7095326,-18.86233791
44.88152759,-18.91924596
45.02993147,-18.97929619
44.82745596,-18.44717087
44.52475073,-19.56773579
44.7174539,-19.14361626
44.81054675,-18.63558992
44.7018782,-19.08242725
45.35188732,-17.30275542
44.94313245,-16.25484911
45.29370926,-16.82859087
44.45657681,-16.93559637
44.99385723,-16.38450491
45.28063391,-16.54527887
44.92730996,-16.84758164
44.71264041,-16.88733392
44.52120543,-17.23804665
44.69606559,-16.88627054
44.92834426,-17.38372353
44.83000821,-18.5274854
48.52238147,-18.87089758
47.77306741,-18.68412752
47.41729418,-18.80943407
48.554664,-14.91936956
48.00527247,-18.49338441
47.98918275,-19.35304946
47.59016105,-19.05750392
47.34607474,-19.31996742
47.85488746,-18.6874153
48.21606488,-18.40938174
47.76855875,-19.0645932
48.64304871,-18.55402196
47.5563492,-19.1877835
48.51829461,-19.05522644
48.50334745,-18.87450856
47.96341563,-18.87096974
47.66617022,-18.49994941
47.7159471,-18.93207911
47.14764175,-18.64347194
48.7227065,-19.26312922
48.31933522,-17.65540096
48.23097031,-19.83935684
48.34945262,-18.70250014
47.96672146,-18.96116365
48.3128836,-18.92270864
48.00904491,-18.368715
48.08098178,-18.42623878
47.39683775,-19.26510948
49.51530307,-15.18206131
49.43942013,-15.10792252
49.90462924,-14.90621005
49.98752201,-15.31328761
49.23221475,-15.58369694
49.14559338,-15.09117936
49.5126555,-14.95770701
49.48023435,-16.00554506
49.59503763,-15.43854012
49.73155889,-15.15722156
46.96043559,-18.7044297
49.35664518,-15.37508463
49.73726023,-14.83049043
49.16538758,-14.85081771
49.33367075,-15.10318436
49.30818991,-16.27672985
43.79098759,-21.58964919
44.25548168,-21.80414445
45.22028473,-25.11069965
44.70143227,-21.67475908
44.95492532,-25.29714137
47.03823281,-18.57500388
44.62052857,-21.99879669
44.8528426,-25.07575853
45.44656473,-24.81168425
43.92272026,-21.43557816
46.11310048,-25.05860373
44.30854194,-21.45324454
43.53308556,-21.72134914
45.50782401,-25.51638517
44.27614599,-21.37377701
43.32157427,-21.94060399
47.36119748,-19.14606684
44.96421256,-25.42081435
44.54340865,-20.69362146
44.69180714,-21.37614688
44.94020445,-21.69519316
44.4616372,-22.11565733
44.33762185,-20.71524798
45.39566899,-20.38455526
45.20424549,-19.20507194
44.87063265,-18.28217734
45.34216354,-18.63014994
48.06065074,-18.66838859
45.87881451,-20.05057435
44.74893245,-19.76626875
45.74263246,-19.31933351
44.80557652,-18.76332303
45.40554649,-19.13433853
45.17452118,-19.91959441
45.09828572,-18.82883304
45.70000633,-20.52255263
45.32501719,-19.69636007
45.07554667,-19.99389971
47.80456759,-19.1949506
45.22583932,-17.86418596
46.1990304,-20.11561089
45.58186204,-19.82652651
45.31402787,-19.23561097
45.71998681,-19.59449512
45.81561167,-19.82932
46.02905026,-20.32655707
48.97599133,-18.80167474
48.14387268,-19.63291981
48.74598416,-18.93939957
48.90554195,-18.86442487
48.65441463,-19.58938398
48.52986231,-20.03166669
48.40126842,-19.26943463
48.40321838,-18.98394568
48.56733612,-19.85283194
48.50574027,-19.0497548
48.79424503,-18.78971078
48.47948701,-19.18483657
48.33443414,-19.28717382
48.40183495,-18.82621768
48.57555429,-18.95824539
48.34753598,-19.79437718
48.58013157,-19.93358471
48.19296318,-20.02568971
48.59334903,-19.2080924
48.96776582,-18.79893684
49.11282579,-18.84713087
48.70660509,-19.42618468
48.907107,-19.06231377
48.44408797,-19.20118405
48.80204825,-18.59181621
48.38124465,-18.74952964
48.44764261,-18.13502384
48.95509477,-18.87289182
49.05533523,-18.70906589
48.70698207,-18.34020714
48.71696262,-19.35588886
48.9158136,-18.09288902
48.82098995,-18.4758752
48.86806819,-19.37728184
49.11205038,-17.97481345
48.83875698,-18.13275522
49.0751266,-18.50882818
48.47351203,-18.34214383
48.90390941,-18.48841414
48.90690615,-18.4629567
48.89636983,-18.32490768
48.56208261,-18.19430738
48.79680373,-18.27298474
48.55878804,-18.9713703
48.81196656,-18.11055866
48.80363546,-18.68610927
49.32098565,-18.01483271
48.7521008,-18.9103549
48.43238197,-19.07364947
49.2448184,-18.53378552
49.09784638,-18.50215769
49.00810311,-18.38819047
49.27128683,-18.4679818
48.1929451,-19.27766309
48.88879485,-18.02702509
48.55678836,-18.35048888
48.94011882,-17.84368894
48.31263056,-17.17668689
48.02385634,-18.20642006
47.83382085,-17.68405249
48.96814816,-17.92645778
47.75086794,-18.04559997
48.69481899,-17.97312325
48.05646965,-17.68551048
49.04077369,-17.02608423
48.44958446,-18.27847006
48.36908469,-18.10502537
47.98643702,-18.3695066
48.8249763,-17.87272876
48.49877666,-17.3507288
48.80062223,-14.86048303
48.37005867,-15.05973523
48.39647731,-14.61042959
47.75630687,-15.23871042
48.2241303,-15.21056097
48.56353612,-14.19410933
48.35976563,-15.67681462
48.48488772,-15.31678822
48.42115461,-14.615133
48.67717226,-14.73966119
47.99037067,-14.67113729
48.41016705,-14.79494203
47.28467676,-14.97972181
47.72613593,-15.3498146
48.02961292,-14.42584317
48.25159688,-15.16380125
47.79153182,-15.09219879
47.90462327,-15.71606138
48.38031952,-14.99925733
47.53727269,-15.21328779
47.9144208,-14.72372603
47.91850318,-14.91691255
48.68347912,-13.75968554
47.36386923,-15.60722694
48.70539339,-14.54398069
47.86157823,-15.54978468
48.38376792,-14.54394662
47.86253362,-18.42531127
48.10550913,-15.36475119
48.10177107,-14.96906888
48.25097992,-14.51497423
47.61694558,-14.97953372
48.12168658,-14.77705614
48.22601418,-14.85005745
48.06192294,-14.17615802
48.40017398,-14.43409447
47.98764902,-19.30380245
48.57991824,-13.92024076
47.79118867,-14.87818502
48.66217124,-14.65003681
48.31704398,-14.91842007
47.93977467,-15.40377112
48.31571568,-15.01987862
48.33439007,-13.6749862
46.8785163,-15.45564074
49.1509445,-13.98852159
48.81134317,-14.18672989
49.39112098,-14.39281079
48.59566261,-14.16442568
48.44932263,-14.62401887
49.52917636,-14.30665465
49.57715046,-14.80480307
49.25363536,-14.60049575
48.38091707,-13.97768566
47.22449636,-22.82346046
49.10380065,-14.64632419
48.39366859,-14.40436431
49.53520104,-15.058254
48.33983633,-14.86794165
49.13563901,-14.47612071
48.83722815,-14.76041179
48.41948015,-14.53724528
48.44752836,-15.18132093
47.14315676,-18.67381798
48.69626722,-14.29085031
48.68847153,-14.78036398
49.20874343,-14.47328917
48.2235392,-14.2771826
48.90226859,-14.40055673
49.29777624,-14.55771493
48.357498,-15.44709044
49.04518386,-15.24195246
47.93410447,-19.50136808
48.57472299,-15.32123992
48.5915192,-15.31013738
48.5526139,-15.52571649
48.48616086,-15.86279489
49.22632042,-15.38396913
48.51460827,-15.8001536
49.39620181,-15.40094187
48.70854329,-15.73215711
47.87904376,-15.5423587
48.1679959,-15.19489104
48.89910149,-15.3656039
49.00657744,-15.54821167
48.38260633,-15.21419544
48.9560044,-15.77587066
49.02767764,-14.65035803
48.74383718,-14.76409826
49.1239537,-15.20217147
48.91262393,-15.83094687
49.32067137,-14.79706371
47.45194091,-18.41771434
49.04255038,-15.58673024
48.23828151,-14.87310556
47.80240608,-15.3828691
48.04779369,-19.44301894
48.73438287,-14.98480313
49.80228362,-14.75582271
49.48677912,-14.3976795
49.56314638,-15.54054362
48.70605105,-15.09143386
48.95586066,-15.09898093
47.54527564,-19.42132799
48.03831207,-14.61803311
48.72001562,-15.62356585
48.53464689,-15.24537494
48.9967624,-15.81123516
48.25792669,-15.27287717
49.04376173,-15.8180623
48.73621424,-15.48924866
48.80301247,-14.74242676
48.28665832,-15.45383995
47.75578627,-16.04497356
47.58839236,-15.79794584
48.53451169,-20.11877188
47.76944715,-19.92480253
48.21651625,-19.93142883
48.16786649,-21.02914361
47.92069193,-20.7052063
48.51479136,-19.68225957
47.69566507,-20.83121548
48.31241906,-20.59350008
47.48766279,-18.47255821
47.59685015,-19.43094865
48.13043773,-20.46031282
47.65102721,-19.4262196
47.68384985,-19.53947198
48.5572578,-20.34325074
47.94155089,-19.61892774
47.97392043,-19.45014236
48.2338324,-20.1894807
48.19789758,-20.93572389
48.03782776,-19.67019701
47.13752409,-19.15954368
47.99717315,-19.74205341
48.39127152,-20.43096219
48.42113846,-19.71627644
48.45953159,-19.9554599
48.2229312,-19.85087411
46.26041368,-24.78668079
46.69996732,-25.18136695
46.83452744,-24.77603422
47.0782945,-19.26771409
47.20912502,-24.42051743
46.76258701,-24.71133809
46.68929585,-24.05844487
46.24023811,-24.38180239
46.59329759,-24.30815195
46.71826755,-24.42768053
46.85208485,-25.01648793
46.59348391,-25.02771752
46.76450094,-24.37365248
46.80258119,-24.65951951
46.71777567,-24.5704033
46.34038798,-24.89460491
47.17187835,-24.73220814
47.08172775,-24.50626414
46.57479008,-24.77144909
46.96813498,-24.82484374
46.80462239,-24.6032038
46.76741103,-24.59148698
46.89162543,-24.38245566
46.70253798,-24.86630845
47.49106015,-18.64022151
46.61214943,-24.87666823
46.96962719,-24.42749413
46.6919729,-25.04300807
46.86571019,-24.69956332
46.20752283,-24.73120766
47.01204526,-24.71255347
46.91214649,-24.34767278
46.97063963,-24.90090371
47.10332832,-24.13187765
46.62926263,-25.14549898
46.10159924,-24.69069128
46.49183646,-24.66336706
46.08423839,-24.13998427
45.84025866,-23.68867306
46.68937522,-24.64952318
46.70502634,-24.73985868
47.84198934,-18.60377734
46.50782092,-24.54075595
47.04172277,-24.52706059
46.98239973,-24.01396652
45.35508557,-24.44599142
46.91735849,-24.9868269
47.06051906,-24.83500535
46.55253125,-24.06865057
46.76162529,-24.73534231
45.79274392,-24.66162389
46.47800159,-24.0389183
46.98575979,-18.72896478
45.9636289,-24.48106961
46.07209969,-24.95602087
46.10912338,-24.72131448
46.17037554,-24.77302271
46.58494598,-24.70718276
46.20002171,-24.51024483
45.75259964,-23.99458955
46.80841542,-23.79890673
47.77269649,-18.76906695
46.59167893,-24.47853247
45.73684221,-23.58905548
45.73970542,-24.18094981
45.92612818,-22.46557979
45.86817086,-23.06880751
45.38006343,-22.92799881
45.87366213,-23.22247427
45.40537352,-23.75758443
46.22040894,-23.15649333
45.87678773,-22.99770344
45.51927743,-23.50275551
46.28407517,-23.94487804
45.03272452,-23.17721524
46.82516048,-23.3647704
45.78267522,-24.39071261
44.81338263,-24.78976052
45.81574142,-23.45875112
46.28391969,-23.72469721
46.10688326,-23.65843427
46.61603141,-23.24435468
46.26588402,-23.42638778
45.5243864,-23.34693383
46.04454223,-22.71870466
45.79206967,-23.39282241
46.2343976,-23.95518378
45.55638827,-23.12175144
45.62962548,-23.0802066
45.93999821,-22.83910414
45.7316401,-23.32647282
45.94329392,-23.56439478
45.82783183,-23.46966395
44.87872463,-20.56299131
44.67246785,-20.35416796
44.34232385,-21.27738844
43.99247151,-21.30904793
44.49331485,-20.54681314
44.64736035,-20.27545823
47.30530936,-19.23981875
45.06899455,-20.06086743
44.49501542,-19.94220273
44.85553985,-19.88811553
44.47292374,-20.74423767
44.64809506,-19.79439643
44.31401354,-20.60140367
44.57161116,-20.27980592
44.5561851,-20.22131116
44.35855002,-20.31254127
47.21410436,-23.02220233
43.99054021,-20.94638125
44.0909219,-21.12639591
44.37542714,-21.17403851
44.63306706,-20.54043493
44.65195076,-19.82721871
44.72390187,-18.7243423
45.28557425,-19.61085203
45.10606958,-19.96808319
44.97406687,-19.31586597
46.94999472,-18.74274328
44.86938254,-19.5894568
45.40520282,-19.3924224
44.49446642,-19.15831002
45.13995802,-19.35697646
44.96172972,-19.48300123
44.50594514,-19.18472933
45.43758559,-19.78543774
44.74334337,-19.98052717
45.10520296,-19.55795686
44.9035818,-19.41974553
45.02343654,-20.54192284
45.27568967,-20.13057191
45.03071986,-20.60189739
45.12534461,-19.85777023
45.23984447,-20.38513792
45.26227782,-20.72862215
46.00222301,-19.88514129
44.7550271,-21.7238443
45.85282184,-20.15504731
44.78957136,-20.9902924
45.42181975,-20.29912986
44.8658429,-20.68338201
45.48650272,-19.74198152
45.00224976,-20.51112652
45.32061934,-21.18066337
48.07609893,-17.42121924
47.92011035,-18.5064877
49.02472971,-17.32144377
47.90606168,-18.29267574
47.66595744,-17.82054498
48.26617091,-17.55914998
48.38063671,-17.29198148
47.54874687,-18.63999191
48.94929396,-17.39505282
48.0834354,-17.41793122
48.68000968,-17.80607813
48.02402221,-18.03311392
48.93825317,-18.02863844
47.79158634,-18.13655361
47.73091563,-17.70752752
47.66391848,-17.73458884
49.09712271,-18.27358838
47.05765446,-19.03068281
49.00764624,-17.85132595
48.21278794,-17.89349775
48.63458289,-17.56784691
48.27748307,-17.39988534
48.5387786,-18.31791176
48.08593923,-17.64058707
48.97599763,-17.62099134
48.66075837,-17.48756858
47.70611498,-17.73303442
48.7176043,-18.14896638
48.7846596,-17.9830842
48.77150563,-17.64200153
47.99163291,-17.05881381
47.89349093,-17.61568308
48.25245057,-17.81858037
47.78729366,-17.68640591
48.22817346,-17.16286158
48.97563254,-17.92400627
48.18011453,-17.95496065
48.1975349,-17.00473168
48.20269292,-17.7479799
48.3661755,-18.10170036
47.75037309,-17.41734498
48.33733319,-16.99281738
48.31539878,-17.93999421
48.18104563,-17.50082173
48.70707221,-17.93187813
48.62772619,-17.67685497
47.7181161,-17.46494198
48.05629523,-17.82245714
49.23171846,-16.99002295
47.98217901,-17.14500382
48.32242483,-17.29530325
48.30765173,-16.7480787
48.1451216,-17.21529673
48.54689233,-16.87429509
48.57279994,-17.55691614
48.52406942,-17.73155874
48.59149031,-16.15178237
48.77483917,-16.72825987
48.42612477,-16.93618348
48.28014258,-15.83678185
48.14473188,-17.19559799
47.08730903,-19.37451952
48.79304903,-17.32300544
48.86408618,-16.60865961
48.56483961,-16.52183983
47.95262394,-16.80385178
47.76255718,-16.66214641
48.7251261,-17.33622989
48.35585372,-16.61765154
48.62455406,-16.29122303
48.68795772,-16.45685598
48.53992726,-19.31182263
47.82853035,-19.10250997
47.36706981,-19.50077077
48.23156768,-19.03722911
48.78037088,-19.37575448
48.57871611,-19.83319959
48.32725301,-18.79203705
48.29885815,-19.26406735
47.843958,-19.63108269
48.42350556,-19.66041418
47.69486254,-19.48462764
47.60236204,-19.80481119
47.54723846,-19.44059988
47.84217648,-20.10032728
48.14260792,-20.13425574
48.08286742,-19.0479873
48.77642112,-19.50017279
48.55092139,-19.62631208
48.55153143,-19.25322971
48.12002303,-20.19333174
47.36330008,-19.53654844
47.5942931,-19.34098403
47.99606885,-18.89941607
48.88113198,-18.75813019
48.09079355,-18.14396155
47.61384564,-18.8075717
47.62616786,-18.65321969
48.45521397,-19.33762017
48.23833751,-18.30790976
48.54566687,-18.55091301
47.94293629,-18.99449654
47.50026422,-18.71163451
47.92759107,-19.09315226
47.7077469,-18.7413883
47.64740456,-18.73854167
48.12775041,-18.92698809
48.43534452,-18.43158677
48.34192756,-18.71026936
47.68772108,-19.19996994
47.9834857,-19.38375402
48.93982132,-17.12496593
48.75676839,-16.81994956
49.33028937,-16.77887742
48.65147678,-17.47457011
49.22962088,-18.14747633
49.39110883,-17.96689467
49.45724279,-17.68523343
43.87510976,-23.0835954
44.34593131,-23.29111283
44.17882092,-23.34292837
43.97153438,-23.32761573
43.93854241,-23.11974173
43.77401218,-23.76403365
44.0899141,-23.5968182
43.97015614,-23.69731714
44.23660402,-23.09275099
43.99092512,-23.72875211
43.70712448,-22.9492371
44.31909115,-23.31604484
43.35761321,-22.78639733
44.03653446,-22.91628707
43.94793263,-23.64775873
44.18379797,-23.09469117
44.08904331,-23.46198915
43.47475219,-22.96172693
43.93755845,-23.98121031
44.2184699,-23.28709992
44.09228711,-22.92803829
44.28877941,-23.50914023
43.69268864,-23.17506106
43.79504396,-23.92482768
44.66006395,-23.10556243
44.10301723,-22.45329349
43.8053867,-22.4618512
43.8152164,-22.50578881
44.15484421,-23.07077089
44.70862828,-23.64011987
43.74021313,-23.35000758
43.79047208,-23.39546716
44.04698163,-22.87062007
47.47717931,-19.41061162
43.76101123,-23.286202
43.95569135,-22.75041246
44.20831123,-23.34340056
43.86552611,-23.45215646
44.46902756,-23.18632364
43.81250672,-22.85233812
43.75274595,-22.46574571
43.89082198,-23.83989867
44.35017006,-22.6314957
43.7056043,-24.23016856
44.10999447,-24.08730824
43.93852855,-23.41714387
43.81671168,-22.87848964
43.81808628,-22.84165548
43.95665852,-24.15187644
44.13885483,-23.04679024
43.34543315,-22.63241032
44.05389663,-22.07293896
44.06379183,-24.68005613
44.62823922,-23.47905824
47.98725127,-19.16954447
43.69840816,-23.10146104
43.93119261,-22.70280838
43.62020306,-22.19787213
43.82820433,-22.59383426
45.32938496,-24.09480501
43.95949841,-22.39631
43.78170088,-22.93699169
43.51718004,-22.10819788
44.45796555,-25.20902763
44.91866322,-25.07107839
44.42203891,-25.07562214
44.52623331,-24.22437575
45.07312164,-23.7551896
44.84371959,-24.29854602
44.09838378,-24.52882962
45.24246596,-23.99684638
43.86120635,-24.50240308
44.29276954,-24.04380986
44.67107834,-23.67900054
47.55956366,-18.42770133
43.64359691,-23.75546984
44.37353443,-23.74353297
45.14303838,-24.34454649
45.16365093,-23.38735945
45.39829432,-23.88909573
44.62594462,-24.99493001
44.95177154,-24.60182219
43.63455919,-22.21810327
44.33426841,-22.85803072
45.65699323,-22.19107613
45.18545539,-22.17281212
44.14431242,-22.63134884
44.15504469,-21.81447925
44.51069978,-22.42797535
45.43868503,-22.28485633
45.20612685,-22.87194954
44.70541612,-22.56459258
44.65389102,-22.65853907
47.76269464,-19.53727496
44.57536913,-22.60725901
44.0374623,-22.08037577
44.18078176,-21.64113693
43.99843312,-22.01723853
45.87136589,-23.20156518
45.22157034,-23.91272568
44.72766324,-23.70307371
45.5230267,-23.31933676
45.04653898,-23.98852914
45.62369286,-24.03199014
44.68683914,-24.03183649
45.8409446,-23.56967379
45.36749223,-23.35080813
45.13786133,-22.17677584
44.5251548,-21.67631992
45.4498579,-21.69725602
44.46693163,-21.0483893
45.61183644,-24.90547601
45.70435462,-21.48822453
46.17000187,-20.74635483
45.07869142,-21.07579348
44.76168874,-21.82127732
44.9310984,-22.00964757
44.88410067,-21.17709038
44.97712568,-21.5277217
44.63347637,-22.00497156
44.13698909,-21.16127634
44.25015366,-21.3157384
44.23277175,-21.17966723
46.14005653,-21.4796046
45.39937764,-20.95396763
44.3916229,-23.32011138
44.00945413,-23.09480368
44.43947978,-23.20438367
44.83784149,-23.8036867
44.85715967,-23.09417121
44.5521433,-23.04693718
44.05606858,-23.60256961
44.37336076,-23.78577352
44.91125953,-23.55513728
44.19410597,-23.19530261
44.2396078,-22.99369265
44.66428633,-23.84540549
45.07031454,-23.33127296
44.56460466,-23.49645386
45.22931855,-23.39815853
45.2623485,-23.69060084
44.86776614,-23.94701648
44.46492691,-23.93758033
45.41771086,-24.14895146
44.56814868,-23.9501576
44.38823028,-23.21611749
45.44399883,-23.47417959
45.01166361,-23.56004133
44.00143259,-23.06307479
44.86613941,-23.07814933
44.02576773,-23.58951921
44.43875649,-23.12949403
44.23994903,-22.92321849
43.35801734,-21.76264668
43.88506181,-22.22658838
43.38836554,-22.15113509
43.91193036,-20.90123989
43.97953549,-21.80072688
43.45548551,-21.73934767
44.24066444,-21.73663866
43.85901051,-21.54318664
43.8590629,-21.3891879
44.57465071,-21.60739552
44.06688734,-22.16355766
44.07121251,-22.36813425
43.66220744,-21.85668357
43.94706471,-21.31403435
43.44681846,-22.53578365
43.82867417,-22.03539158
47.41924745,-18.45817577
43.37411046,-21.89335402
43.64044495,-22.64674371
43.56328547,-22.53712116
44.65964698,-22.35637735
43.89144192,-21.28122556
44.14172803,-21.59249346
43.63620164,-21.6435273
43.70652725,-22.10740512
43.99935296,-22.20896841
44.36714134,-22.50639362
44.04543248,-22.81814248
44.68476277,-22.4488939
43.95251793,-22.8860756
44.94784174,-22.57454367
44.77824717,-22.41711197
44.45619411,-23.33893867
44.27585983,-23.33214637
44.70892067,-22.63569343
44.97284217,-22.80235101
44.03742959,-23.17025425
43.78698118,-22.52938975
45.88404024,-24.72987525
46.4751662,-24.75755892
46.08927743,-24.91895616
45.47988005,-25.33765407
45.87618927,-24.69776034
46.5335822,-24.6738375
45.59268318,-24.8253966
45.62687418,-24.31332287
45.98721445,-24.79428236
47.17844197,-18.56771641
45.39520702,-25.26425964
45.81408734,-24.70988668
46.48785275,-24.5984254
45.67618253,-24.53547909
46.59681858,-24.95021818
45.85543236,-24.79637637
45.61128105,-24.55935567
45.64708648,-24.579554
46.07624373,-24.92327076
45.45527384,-25.21187066
47.64008583,-18.46275931
45.99366697,-24.98394545
46.17415792,-24.74441481
44.10870943,-22.45426788
44.61613317,-24.13691564
45.355481,-23.68226743
45.01592962,-24.22614206
45.46783445,-24.56725978
44.81801299,-23.97678369
45.71894578,-24.31063135
44.83096693,-24.63598707
45.73961378,-24.4473499
45.53472086,-24.7445963
45.19917037,-24.77834294
44.9537534,-24.23992998
45.14040422,-24.69996583
44.91182493,-24.04735493
45.22475185,-24.54117694
45.85503925,-24.51326087
45.28430891,-23.60218196
47.8909802,-20.34295721
46.17432708,-24.57473435
45.79254305,-23.59863674
45.0064788,-24.2921627
45.7984166,-23.95789041
45.4039808,-23.86196165
44.6595138,-24.82049574
45.7693564,-25.09395568
45.0383552,-25.33712594
45.43319078,-24.7208425
45.26448294,-24.84602899
44.53264538,-25.25893757
44.86883201,-25.1514651
45.23031689,-24.77715737
44.63706426,-25.14278554
45.70443288,-24.76817488
44.90661512,-25.24383123
47.1777993,-24.57619809
46.13175364,-24.76698424
46.83852446,-24.83944709
46.30963072,-24.74320907
47.95581202,-19.03259733
47.10740845,-18.8395644
46.91191172,-19.02680821
49.49367107,-12.52447499
47.8782824,-21.51091051
48.8404036,-18.32524267
46.79175302,-21.73001723
49.13529716,-12.67563181
47.93421428,-14.44358459
48.17827485,-20.85753267
47.44237598,-18.28746915
47.88846643,-19.07753764
48.09258359,-18.63033683
47.87360555,-19.03185392
46.79519458,-19.15542642
49.33181911,-12.68756317
49.49883665,-12.74244986
46.5779667,-15.46525449
47.22127801,-19.48553381
47.5067936,-18.56952989
47.60664435,-22.04126284
47.26802214,-19.14882091
47.57998785,-19.39903267
47.22235128,-18.85570821
48.04104596,-21.33139737
47.24901969,-19.39740118
47.17323345,-16.57406358
47.32784506,-18.70706982
48.04786561,-18.70285217
47.28618836,-19.04039612
47.24889349,-18.88215337
47.12426245,-18.79422475
47.12171367,-18.73465098
47.48761797,-19.22665858
47.79610615,-18.63887783
45.72240519,-15.88450331
47.60174793,-19.2349612
47.60629597,-19.4162891
47.21509241,-18.37581681
47.89392182,-18.93456191
47.19299821,-18.40603991
47.52183323,-18.50507796
47.11802528,-18.77640939
47.86641441,-19.45998545
47.15364323,-19.12001963
47.89636124,-18.91374102
46.83162774,-15.54633858
47.23094658,-18.90667395
48.01518404,-18.41763112
48.12080338,-18.45394775
47.68775433,-19.31498248
47.99332916,-18.93023778
47.36497795,-15.07815485
48.09822935,-18.49245539
47.38596895,-15.14590393
47.63781004,-18.16410801
47.86579791,-19.32650099
48.53498784,-14.86092733
48.20067255,-18.99935793
47.30023482,-19.47989339
47.25158136,-18.98302459
47.56207455,-19.68555247
46.87926745,-15.94201464
47.93209166,-18.36033943
48.00996102,-18.74959828
47.41584767,-19.37698774
47.77448409,-18.46438532
47.07726424,-18.45163504
46.99084953,-18.99187707
47.05500322,-18.62999491
47.42602748,-18.04782318
47.37514597,-18.29065528
47.81279975,-18.34445142
47.62783279,-15.54486548
47.63395515,-19.08699238
47.7981616,-19.16317952
47.59267273,-19.47187419
47.78216733,-19.12113156
47.37116594,-18.03483139
47.66513604,-18.4775136
47.02137617,-18.80598277
48.12036786,-19.00146713
47.2673221,-18.32759685
46.86406801,-18.38858975
46.91279215,-19.2550532
46.95893096,-18.83760068
47.63998863,-18.89418813
47.7537347,-18.43626741
47.62928032,-19.04959355
47.54108171,-18.19883435
47.41253533,-18.45185887
48.12381,-18.95509933
47.30213228,-19.30766721
48.61091276,-14.4113249
47.61676795,-19.45629122
47.54060317,-18.37078002
46.99120824,-18.62422301
46.93296854,-19.03356475
47.8812199,-18.6507184
49.39038035,-15.16784326
47.45662499,-18.27784499
47.58750364,-18.18429522
47.8103139,-18.96590564
46.91099353,-18.45635982
47.69168951,-19.19758947
47.46703736,-19.28084232
47.72404573,-19.01865523
47.88223852,-19.24977142
47.42167868,-18.27704089
47.91031286,-18.1441572
47.50442055,-18.45752121
47.97743264,-18.67952573
47.69217678,-18.872804
47.22695044,-19.32982823
47.46286376,-19.55506631
47.34000234,-18.40567671
47.46573289,-18.40755816
47.19606327,-18.59371345
48.04111622,-18.09963678
47.65516524,-19.26679804
46.22307336,-18.62647437
46.73183164,-19.09594891
45.80051287,-19.26217223
46.49141826,-18.49549841
45.35152437,-18.34547866
45.59384278,-18.02681101
48.54021169,-19.44237125
46.40726952,-19.61262913
46.78893699,-19.02152944
46.81970535,-17.38129659
46.11401635,-17.68546529
46.87748248,-18.25916177
45.93305798,-18.36874117
46.69131909,-18.26646314
47.01515114,-18.89449759
46.272228,-18.76331566
45.89111846,-18.5000332
47.5840772,-18.67931039
45.67034657,-18.67227136
46.79030812,-18.1340742
47.1777659,-18.55023726
47.09305037,-19.0013709
46.61187583,-18.21928562
46.76921822,-18.90758897
46.39451234,-18.20309405
47.19837267,-18.88814539
43.85463437,-23.7917804
46.97297859,-18.46818207
46.20315882,-19.12062406
46.58292177,-19.85940485
46.29761846,-18.52740816
46.33387264,-19.26881596
47.06744319,-19.4594327
47.1692698,-18.57365562
47.54333369,-19.05439301
47.2063383,-18.55903345
46.65962421,-19.36370942
43.31456237,-22.49656513
47.36368408,-19.06379461
47.14324304,-19.16815052
47.27509752,-18.51220218
46.32090092,-18.72677193
47.22976745,-18.89863271
47.05132779,-18.30743631
47.33150162,-18.91425813
46.98595668,-19.43347119
46.73960711,-19.08457213
47.12030752,-18.34005006
47.4774601,-19.29141978
47.48951484,-19.20775236
46.77593036,-18.73649294
46.80578053,-18.50656059
44.96822687,-24.39501695
46.59541896,-18.69139303
46.70618842,-18.75472637
47.53036823,-18.69961152
47.32275085,-19.25213013
46.79796791,-18.79958019
47.2449102,-18.49396286
47.07986853,-19.06363382
49.3111576,-17.63258558
47.51318999,-18.76485225
47.06539351,-18.28265467
47.75832379,-18.82643668
46.94846934,-19.14411092
47.05361543,-18.74556758
46.74080898,-19.31791575
48.94173792,-18.04877152
46.9183246,-18.94611338
47.36868589,-19.61033203
47.0070135,-19.10067239
46.93963056,-18.73853409
47.20962929,-19.54977027
46.72441015,-18.71589892
47.60537212,-19.22634414
46.83032402,-19.22621734
46.06844557,-19.09198781
46.80181805,-18.66767424
48.91345129,-17.88956629
46.84810358,-19.66172391
46.78590605,-19.34684996
46.94685153,-18.95270835
46.77635165,-19.49681342
46.77364281,-19.5024221
46.60605866,-18.66672535
46.27337699,-18.68509848
46.98411487,-19.54689349
46.924507,-18.78190741
48.93095433,-18.27888953
46.55719893,-19.80592613
46.7566377,-18.75572742
46.84671043,-18.94689194
48.88561599,-18.07322945
47.04602527,-19.00969467
46.96472299,-19.02714705
47.12394128,-18.70041178
47.04797705,-20.25434694
46.91890413,-19.62053214
47.29762103,-20.07452519
46.88904697,-19.4768514
46.53055496,-19.90913181
47.19809042,-19.56564378
47.37152441,-20.07413569
47.19394401,-19.40708461
46.96232566,-20.5411642
46.95525605,-20.24770959
47.56683495,-20.21102945
47.4828656,-19.71234346
47.18213678,-20.36766874
46.94050925,-19.42915968
46.63532128,-19.40583466
47.17686032,-19.60623752
48.94771338,-18.13328069
49.08521574,-14.3376472
50.15067245,-14.51789561
49.94002867,-14.66008296
49.47606691,-14.36014798
50.07936625,-14.8581619
49.52413714,-14.9726524
50.19778157,-14.95992905
49.89517741,-14.04455955
48.96902865,-14.42752182
48.99446966,-14.84364098
49.15301112,-17.97941475
49.87312862,-14.89625484
48.96105149,-14.77643372
49.96561334,-15.21332739
50.06160833,-14.90729023
50.07981456,-14.77289034
50.29084026,-15.83804008
49.78264782,-14.67894833
47.54174455,-22.59533781
47.8601899,-22.4037855
47.27910781,-22.49718409
47.0555132,-22.81907445
47.14226028,-22.78785273
47.09710221,-22.60001737
47.46703184,-23.26487904
46.98715686,-23.06539637
47.67063228,-22.48058133
47.27178701,-22.58939062
47.90133834,-22.04439508
47.57294037,-22.43872233
49.29476339,-17.84556234
47.65390977,-22.87418429
47.16328445,-23.17812947
47.49954751,-23.23049897
47.29095338,-22.38170653
47.90704514,-22.4536667
47.14522508,-22.97642776
47.49636111,-23.13922206
47.39496062,-22.70876594
47.53909395,-22.11040686
47.20707254,-23.01720441
49.29155501,-17.88123924
47.20393329,-22.81428298
46.95199249,-24.32836014
46.67519983,-23.95358046
47.34083234,-23.88299541
46.41745189,-23.70142829
46.37795331,-23.18117624
47.52296945,-23.91669443
48.23182951,-19.68055805
48.00887003,-19.60527328
48.18403335,-19.80914235
47.5037035,-18.8913373
47.20312196,-19.16472023
47.7056634,-19.49017886
47.2781333,-18.76274458
47.89143849,-19.9099915
48.01959439,-18.9780215
47.53651649,-18.6767794
47.40894997,-19.54155749
47.5198358,-18.90914849
49.26382198,-17.82212028
48.19596938,-18.67412574
47.25231235,-19.4481154
47.37896701,-19.51468776
47.40480439,-19.4002244
47.77667051,-18.85288436
47.34620824,-20.85595399
48.18966097,-19.49769047
47.83133501,-18.8408482
47.61731388,-18.58263605
47.70882093,-19.60229818
49.05335324,-18.19965927
47.4609241,-18.73620479
48.20584718,-18.02166723
47.02768408,-18.39667454
47.91826674,-17.62592146
47.93899134,-18.55980258
48.29568911,-17.9320964
48.04838614,-17.94388438
47.75047907,-18.5474852
47.98626994,-17.81370567
47.13860818,-18.28129875
48.83838141,-18.47829668
47.52990684,-18.08294376
48.15636351,-18.05337839
47.5340729,-18.54551033
47.81805168,-18.07008947
47.46405288,-18.7147091
47.46346386,-18.46900587
47.47161024,-18.51431344
48.23752733,-18.03642758
48.2426564,-18.02497418
47.39427024,-18.73145581
48.48731239,-13.94823259
48.25472145,-17.92390446
47.82583419,-18.46157983
47.27307032,-18.04866921
47.88140067,-19.00375072
47.59281762,-18.14860238
47.6445778,-18.69366887
48.28718893,-18.5017102
47.42926908,-18.33869015
47.54417045,-19.0384663
48.24038829,-13.96997563
47.74650367,-17.47843207
47.55220701,-18.25399814
48.35296436,-18.30269367
48.25242158,-18.15274623
47.10491631,-17.81124244
47.66544104,-18.12407746
47.25996107,-17.75970373
47.55555889,-18.57241398
47.23108137,-19.18897536
46.58910706,-18.44566898
48.57063985,-13.71959031
47.23810904,-18.48198805
47.25155745,-18.88311722
47.37267458,-18.52829731
46.85776136,-19.06125174
46.56843777,-18.22914149
46.81170058,-17.68709079
47.05897057,-18.01855255
47.22132743,-17.99856498
47.34151439,-18.06160173
47.6940779,-18.22661763
46.46978672,-18.07532198
46.9693821,-17.98770111
47.18360479,-17.72113004
47.000613,-18.81908024
46.04590777,-22.08725049
46.68007232,-17.41260484
46.76823851,-18.24867661
47.05215682,-17.93069859
47.41724852,-18.99798155
47.49495353,-18.71588429
47.9984756,-18.90709571
48.07986634,-19.28869011
48.17474811,-18.62281382
47.49133821,-18.8817843
47.42592029,-21.94917622
47.45938453,-18.25488712
47.79341119,-18.27008847
48.27352443,-19.25126735
47.39371061,-18.59644159
47.58084079,-19.31596848
47.57489956,-18.2223633
47.09888444,-18.55880537
47.9214882,-18.27013204
47.44498308,-18.28478952
47.47629046,-18.7792569
47.49069093,-21.86108468
47.46060627,-18.24987062
48.32157994,-19.13888051
48.13663507,-18.53156848
48.26910288,-18.52947325
48.18711151,-18.93045554
47.73510053,-19.73826429
47.82376333,-19.53084574
47.72516655,-18.41930938
48.08799495,-18.28920232
47.92965881,-22.14571485
48.39403099,-18.99931843
47.49756466,-18.83429074
48.03057861,-18.70585618
47.2128727,-18.81553366
47.41094326,-18.94315393
47.74518147,-19.37650002
47.20467676,-18.6292857
47.82765656,-19.42530845
48.03212463,-18.44636346
48.05157909,-19.08025302
48.07190512,-18.81276888
47.88728718,-19.0985487
47.27321386,-18.71551437
47.71273623,-18.40215762
48.07335001,-19.21853777
48.00071243,-18.63363157
47.38354311,-19.26394301
48.03640623,-18.85298229
47.71530047,-19.21187357
49.82560069,-14.6216252
48.3195393,-18.82756681
46.54882407,-19.06990544
46.44881231,-18.63189947
46.5809824,-18.47930144
45.90400032,-19.24901879
46.65618297,-19.33054195
45.87461224,-18.34211555
46.63663418,-18.23231011
46.1867939,-19.44304664
46.53691662,-18.87612954
45.9734961,-18.4405553
46.04787677,-18.7984227
46.67549948,-19.14036175
45.81757645,-18.68560975
46.64427806,-19.10569067
46.45243878,-18.87482535
46.16718583,-18.2669756
46.73425926,-19.01803803
46.64825596,-18.39173675
45.6809784,-19.03783539
46.48184433,-19.10997054
46.4596001,-18.8776562
46.5190482,-19.31589298
47.81938897,-18.92592954
46.9255686,-18.55551087
46.99776277,-18.84345051
47.14322879,-19.66520278
47.13972116,-18.58630184
47.23993969,-18.623314
47.16202608,-19.52769888
47.4386098,-19.47063565
47.52504679,-18.89802265
47.4106803,-19.87937276
48.53038949,-18.66176917
46.85166844,-20.36645809
47.47244727,-19.86328949
46.80789726,-19.44462117
47.61901423,-19.99050926
47.35867123,-19.40023813
46.75834699,-19.3909019
46.42102339,-19.85656134
46.66168216,-19.71984053
46.56254063,-20.15942496
47.28594747,-19.31197453
46.5508157,-19.33575998
46.84265234,-20.21394668
46.97176781,-19.30845825
47.46993873,-20.04399335
46.98494856,-20.07925658
46.5767316,-19.77975704
47.43824039,-20.10102506
47.53969608,-19.31445173
47.19964723,-20.40546781
46.87120279,-20.4971171
46.80171985,-19.60662197
46.77365503,-19.60179217
47.17135148,-19.53761101
46.98411777,-19.50308166
46.84276056,-19.49019458
47.2928659,-19.89757915
46.61702892,-19.77666125
47.18850839,-19.60219192
46.86257446,-19.96445433
47.31442062,-19.84390042
47.28431453,-19.44410278
46.60698447,-20.40160096
46.81804635,-19.38203913
47.32735231,-19.4571941
46.6662014,-19.93812106
47.5427638,-19.22330592
46.82625537,-20.22175741
47.61651168,-19.17919644
46.83830367,-19.52731836
46.95054268,-19.3935694
47.2590021,-20.35994799
47.01650656,-20.52909391
47.0991394,-20.52024609
47.42594497,-19.285448
46.63638675,-19.57700793
48.37653345,-13.64013011
47.91953356,-22.29481217
47.38759621,-20.02734504
46.98369609,-19.21174971
47.92150731,-19.6541009
47.89357458,-19.64370304
47.79382882,-19.87221822
47.47735803,-20.06499564
47.32638115,-19.9834204
47.39899305,-19.89907472
47.67016485,-20.10754052
48.32428312,-13.79931456
48.07656756,-19.47807633
47.62222707,-18.90015969
47.78770351,-18.92623275
46.90334275,-19.26945822
46.99886024,-19.68360891
47.39967345,-18.95546503
47.99403189,-19.37393813
46.91325958,-18.89693395
48.31906117,-19.57754445
47.57939081,-19.0638297
48.7160918,-13.83491933
47.94200898,-19.34832231
47.88419327,-19.1104138
47.04012415,-18.76505937
48.16991971,-20.03709698
47.35880061,-19.30958482
47.91268927,-19.11223697
47.28393799,-19.80003549
47.94818258,-19.04409933
50.25007379,-15.26139821
47.32507532,-19.82762175
47.84710469,-19.68709095
47.02201746,-19.5949252
47.22406128,-18.81342769
47.09309192,-19.94431762
48.15838296,-19.8035783
47.68543426,-19.08208257
47.50783174,-20.91431821
47.3130023,-19.89140296
47.40360451,-20.06157829
47.7542252,-21.52638939
47.00425594,-19.99847791
46.75403308,-19.44724092
47.43391886,-19.28002713
47.57652358,-19.35343572
46.8869877,-19.66461138
47.36589065,-19.33847029
48.0000087,-19.57910846
47.20528877,-19.17692719
47.87143879,-19.33107976
47.58126692,-21.81083875
47.13671893,-18.94176457
47.33711595,-20.0503172
47.84613374,-19.58642201
46.94181064,-19.55237162
46.91155593,-19.78086235
47.82275315,-20.13870032
47.46641056,-20.1433071
47.56535581,-20.42266659
47.16633611,-19.1506428
47.64359012,-22.31729652
46.24007732,-19.94249194
47.32853607,-20.03191563
47.5835749,-19.51204267
46.95559033,-19.35441654
46.16610819,-19.70181091
47.19263515,-19.96746336
46.58129113,-20.57863104
46.42007783,-19.44852716
47.07979756,-19.65548526
46.29544516,-19.68806036
47.47636874,-23.92017868
46.16453428,-19.2915461
46.64506092,-19.39155488
46.73524483,-20.13180778
47.1820263,-20.39917596
46.01217967,-19.33198306
46.9071106,-20.09399112
46.90811926,-20.21420077
47.17940436,-19.73991373
46.55350269,-19.77104756
44.51295491,-17.75625509
46.39784505,-19.94854731
47.10360658,-20.51138392
46.77629993,-19.3528744
46.37926456,-19.38863794
44.70898301,-17.9279313
49.9454445,-13.60816897
46.7759513,-19.50542351
46.88706978,-19.62548091
47.36303198,-20.23110383
45.86740508,-20.07660846
47.07391015,-19.4125059
46.82952624,-20.50385878
46.29853977,-20.11317373
49.14789571,-18.84729117
48.28276735,-21.10304095